<?xml version="1.0" encoding="UTF-8"?>
<project-private xmlns="http://www.netbeans.org/ns/project-private/1">
    <editor-bookmarks xmlns="http://www.netbeans.org/ns/editor-bookmarks/2" lastBookmarkId="0"/>
    <open-files xmlns="http://www.netbeans.org/ns/projectui-open-files/2">
        <group>
            <file>file:/C:/Users/JP%20COMPUTERS/Documents/NetBeansProjects/Banking_Application/src/banking_application/Loginpage.java</file>
            <file>file:/C:/Users/JP%20COMPUTERS/Documents/NetBeansProjects/Banking_Application/src/banking_application/accountbalance.java</file>
            <file>file:/C:/Users/JP%20COMPUTERS/Documents/NetBeansProjects/Banking_Application/src/banking_application/Banking_Application.java</file>
            <file>file:/C:/Users/JP%20COMPUTERS/Documents/NetBeansProjects/Banking_Application/src/banking_application/admin.java</file>
            <file>file:/C:/Users/JP%20COMPUTERS/Documents/NetBeansProjects/Banking_Application/src/banking_application/dashboard.java</file>
            <file>file:/C:/Users/JP%20COMPUTERS/Documents/NetBeansProjects/Banking_Application/src/banking_application/billpayment.java</file>
            <file>file:/C:/Users/JP%20COMPUTERS/Documents/NetBeansProjects/Banking_Application/src/banking_application/registernow.java</file>
        </group>
    </open-files>
</project-private>
